salinity,temperature,pressure
-0.034,2.7849,1697.900024
-0.034,2.7105,1748.430054
-0.034,2.6393,1798.210083
-0.034,2.588,1848.75
-0.034,2.5439,1898.350098
-0.034,2.4961,1947.940063
