salinity,temperature,pressure
34.780579,4.37,1005.799988
34.780579,4.366,1007.0
