salinity,temperature,pressure
34.775589,4.357,1013.299988
34.774586,4.354,1014.799988
