salinity,temperature,pressure
34.772583,4.635,1008.700012
34.772587,4.634,1009.700012
