month,count,sum,mean
1,6,-0.1462228884441801,-0.02437048140736335
