month,count,sum,mean
1,31,-1.0777379931707478,-0.034765741715185414
2,4,-0.18660442852662928,-0.04665110713165732
