month,count,sum,mean
1,31,-1.6796785381247101,-0.0541831786491842
2,28,-2.0681246231693025,-0.07386159368461795
3,27,-0.9188950978647308,-0.034033151772767806
