salinity,temperature,pressure
34.621201,2.756,1697.790039
34.6269,2.6366,1748.52002
34.632,2.5347,1798.540039
34.635399,2.4658,1848.290039
34.6395,2.3731,1898.48999
34.639599,2.3707,1912.650024
