salinity,temperature,pressure
0,2.7488,1698.660034
0,2.6486,1748.150024
0,2.556,1798.810059
0,2.475,1849.080078
0,2.3971,1898.220093
0,2.3292,1948.560059
