salinity,temperature,pressure
48.474098,2.533,1698.900024
48.496201,2.4348,1748.190063
48.513599,2.3708,1798.920044
48.536598,2.2938,1848.119995
48.554199,2.2252,1898.720093
48.556599,2.1865,1948.359985
